,accuracy,precision,recall,f1,kappa,set,modelo
0,0.7824855423108699,0.7674883411059293,0.812793979303857,0.7894917190177042,0.5648709388587474,test,Regresión logistica
1,0.7806958009973738,0.7653831107136869,0.8089668615984406,0.7865717075412095,0.5614140597436885,train,Regresión logistica
2,0.9942169243479287,0.9934256867809345,0.9950611476952023,0.9942427446833509,0.9884336239472016,test,Decission Tree Esta I
3,1.0,1.0,1.0,1.0,1.0,train,Decission Tree Esta I
4,0.897320901687714,0.875277407900577,0.9275634995296331,0.9006622516556292,0.7945939966300253,test,Decision tree Esta II
5,0.9030658915872407,0.8804796430563302,0.932541792190915,0.9057632175334921,0.8061420968703643,train,Decision tree Esta II
