,accuracy,precision,recall,f1,kappa,set,modelo
0,0.7824855423108699,0.7674883411059293,0.812793979303857,0.7894917190177042,0.5648709388587474,test,Regresión logistica
1,0.7806958009973738,0.7653831107136869,0.8089668615984406,0.7865717075412095,0.5614140597436885,train,Regresión logistica
