,accuracy,precision,recall,f1,kappa,set,modelo
0,0.7824855423108699,0.7674883411059293,0.812793979303857,0.7894917190177042,0.5648709388587474,test,Regresión logistica
1,0.7806958009973738,0.7653831107136869,0.8089668615984406,0.7865717075412095,0.5614140597436885,train,Regresión logistica
2,0.9946990222641064,0.9941438275942843,0.9953095684803002,0.9947263564983008,0.9893977633736653,test,Decission Tree Esta I
3,1.0,1.0,1.0,1.0,1.0,train,Decission Tree Esta I
4,0.9069383908587584,0.914756446991404,0.8984521575984991,0.9065309985802177,0.8138881633348101,test,Decision tree Esta II
5,0.9086089594439372,0.9152379810574272,0.9003951170608009,0.9077558785932994,0.8172142766704593,train,Decision tree Esta II
