,MAE,MSE,RMSE,R2,set,modelo
0,1.4163964028824754,3.8229230077030367,1.9552296560002962,0.7086730522901263,test,Regresión Lineal Multiple
1,1.4968871455072816,3.822772475044583,1.9551911607422388,0.79364862055547,train,Regresión Lineal Multiple
