,MAE,MSE,RMSE,R2,set,modelo
0,1.7924025030115418,5.7211791725547485,2.3918986543235374,0.5640158950930285,test,Regresión Lineal Multiple
1,1.7015495089589954,4.551174650727843,2.133348225379027,0.754329829096168,train,Regresión Lineal Multiple
