,MAE,MSE,RMSE,R2,set,modelo
0,1.7924025030115418,5.7211791725547485,2.391898654323537,0.5640158950930285,test,Regresión Lineal Multiple
1,1.7015495089589954,4.551174650727843,2.133348225379027,0.754329829096168,train,Regresión Lineal Multiple
0,3.3333333333333335,15.404761904761905,3.9248900500220265,-0.17392431311560408,test,Decission Tree I
1,0.0,0.0,0.0,1.0,train,Decission Tree I
0,2.3238095238095235,6.881838624338622,2.6233258707866662,0.475567507632049,test,Decision tree II
1,2.558541666666668,9.788614583333334,3.128676171055952,0.47161539555185794,train,Decision tree II
