,MAE,MSE,RMSE,R2,set,modelo
0,1.8082363496852458,5.74836324004477,2.397574449322642,0.5619443254087189,test,Regresión Lineal Multiple
1,1.7058364819420149,4.556947685718267,2.134700842206764,0.7540182035046288,train,Regresión Lineal Multiple
